,mode,"distance, m"
0,human,266.24656000000033
1,autopilot,2580.0803799999644
