mode,"distnace, m",perc.
human,266.24661092802506,9.35
autopilot,2580.0808264167395,90.65
